,title,tags
22,Indian Polity | Making of the Indian Constitution - Part 1 | Kani Murugan | Suresh IAS Academy,
32,Politics in India - Part 2 | Stand-Up Comedy by Munawar Faruqui,
38,ONE SHOT - Indian Politics (Trends &amp; Development)  | CBSE Class 12 | By Khushi Wasson,
52,Approaches to the Study of Indian Politics,
66,üòÇFUNNY INDIAN POLITICIANSüî•#BILLUTALKS #FOUZITV,
69,Reality of indian Politics During Elections || Senior IAS Officers ‡§®‡•á #Aamir_khan ‡§ï‡•ã ‡§¨‡§§‡§æ‡§Ø‡•Ä ‡§∏‡§ö‡•ç‡§ö‡§æ‡§à,
76,INDIAN POLITICS TREND AND DEVLOPMENT CLASS12 POLITICAL SCIENCE BOOK-2,
77,If Indian politics was an school üî•üòÇ,
79,ISSUES IN INDIAN POLITICS,
82,RECENT TRENDS OF PARTY SYSTEM IN INDIA || EMERGING TRENDS IN INDIAN POLITICS || SEM-4||SEM2|IMP. Q.,
87,How will politics be in 2021? I INDIAN POLITICS I UP ELECTIONS,
91,ISSUES IN INDIAN POLITICS (PART -1),
92,ISSUES IN INDIAN POLITICS (PART -1),
93,Caste in Indian Politics - 1 (CH-03),
95,Emerging trends in Indian politics #29 March 2020,
101,Recent Developments in Indian Politics Class 12 Political Science Important Questions for Term 2,
106,‡§Ö‡§¨ ‡§π‡§Ç‡§∏‡•Ä ‡§∞‡•ã‡§ï‡§ï‡§∞ ‡§¶‡§ø‡§ñ‡§æ‡§ì ? Who Is Pappu In Indian Politics . Hokamdev,
108,Recent Developments in Indian Politics - Part 1 _Political Science Class 12,
110,History of Indian Politics from 1947 To 2020,
117,Chanakya of Indian politics #chanakya #indianpolitics #amitshah,
118,Islamization of Indian Politics || Sushil Pandit || Manushi India ||,
126,Contract teacher class 2 | Indian Politics GK  |5000 questions |CHT class 2021 | #abiratstudycentre,
129,Indian politics : Trends and development PART 1,
131,Indian Politics: Trends and Developments Class 12 NCERT Explanation in Hindi | Best Notes,
133,"Indian Political Behaviour,role of religion and caste in Indian politics, psir, IAS mains",
135,Famous Commentators of Indian Politics | E-Book | All Major Thinkers | No More Tension of Material,
140,KANHAIYA KUMAR Speech on &quot;Role of Youth In Indian Politics&quot;,
150,usa vs india politics,
158,10 Most Expected Ques | Indian Politics - Trends &amp; Development | CBSE Class 12 | By Khushi Wasson,
159,"Regionalism in Indian Politics, Chapter-11",
176,indian politics trends and development...project file ü§©ü§©,
177,FULL REVISION RECENT DEVELOPMENTS IN INDIAN POLITICS,
182,The Aam Aadmi Party Phenomenon in Indian Politics‡•§‡•§ Abhijit Iyer Mitra ‡•§‡•§ Manushi India ‡•§‡•§,
195,AYODHYA DISPUTE || INDIAN POLITICS : TRENDS AND DEVELOPMENT || CLASS 12 POLITICAL SCIENCE || CBSE,
199,Youth Leadership in Indian politics | ‡≤≠‡≤æ‡≤∞‡≤§‡≤¶ ‡≤∞‡≤æ‡≤ú‡≤ï‡≥Ä‡≤Ø‡≤¶‡≤≤‡≥ç‡≤≤‡≤ø ‡≤Ø‡≥Å‡≤µ ‡≤®‡≤æ‡≤Ø‡≤ï‡≤§‡≥ç‡≤µ | 2nd puc political science |SG,
203,Role of #social #media in Indian politics,
207,Political science project ‚ÄúTOPIC: Recent Development in Indian Politics‚Äù,
210,"Recent Developments in Indian Politics, Part 1, Mandal Commission,Class 12 Political Science",
216,Recent Developments in Indian Politics - Part 5 : Political Science Class 12,
227,IAS PCS Polity Lecture 64- Recent Developments in Indian Politics,
231,Can Yogi be the Next Modi? | Indian Politics | UP Assembly Elections 2022 | Party and Politics,
232,Recent devlopments in Indian politics class 12/political science/bysimran sahni,
238,CLASS 12th POLITICAL SCIENCE | CHAPTER - RECENT DEVELOPMENTS IN INDIAN POLITICS |,
252,IF INDIAN POLITICS WAS A SCHOOL EDIT FT.WE ROLLIN | 444 KM EDITS |,
438,Great Samrat Ashoka History‡•§ By khan sir,
446,Ashoka University Convocation 2022,
454,‡¥Ö‡¥∂‡µã‡¥ï/‡¥∏‡¥æ‡¥±‡¥æ ‡¥ú‡µã‡¥∏‡¥´‡µç/ ‡¥ï‡¥•‡¥æ‡¥Æ‡¥æ‡¥§‡µÉ‡¥ï‡¥ï‡µæ/KannurUniversity/Common Malayalam/1st Semester/ @wondeR in somethinG,
478,"CBSE 6 History Ashoka, The Emperor Who Gave Up War Ahoka",
481,"Convocation Ceremony | Young India Fellowship, Class of 2022 | Ashoka University",
497,EMPEROR ASHOKA wins The Versallies Handicap,
502,Ashoka Changemaker Summit 2021 - A New Togetherness,
508,‡Æ§‡ØÄ‡Æ™‡Ææ‡Æµ‡Æ≥‡Æø ‡Æ∏‡Øç‡Æ™‡ØÜ‡Æ∑‡Æ≤‡Øç ‡Æ™‡Ææ‡Æö‡Æø ‡Æ™‡Æ∞‡ØÅ‡Æ™‡Øç‡Æ™‡ØÅ ‡ÆÖ‡Æ≤‡Øç‡Æµ‡Ææ/Moong Dal Halwa/Ashoka sweet recipe tamil,
511,3 Idiots 2009 1080p BluRay x264 Hindi,
529,3 Idiots Full Movie 2009 l subtitle indonesial Aamir Khan l Kareena Kapoor l Boman Irani,
531,Rocketry Review | By 3 Idiots Of Mumbai | R Madhavan | Shah Rukh Khan | Simran,
548,3 idiots (snehitudu) telugu,
551,3 Idiots 2009 ll Amir khan superhit Movie ll,
552,3 Idiots 2009 ll Amir khan superhit Movie ll,
556,"Taare Zameen Par 2007 Subtitle Indonesia, Amir Khan 720HD Full Movie",
566,"Arrogant Teacher Thinks He&#39;s Stupid, But He&#39;s Actually Smarter Than The Teacher",
568,3 Idiots Full Movie HD || Amir khan Full Movie #trending #amirkhan #4k,
574,3 Idiots FULLMovie hd (QUALITY),
577,Jaane Nahin Denge Tujhe - 3 Idiots | Attempted suicide scene | New Bollywood movie Aamir khan,
585,3 Idiots - ‡∏≠‡∏±‡∏à‡∏â‡∏£‡∏¥‡∏¢‡∏∞‡∏Ç‡∏ß‡∏≤‡∏á‡πÇ‡∏•‡∏Å [‡∏™‡∏õ‡∏≠‡∏¢‡∏¢‡∏±‡∏ö] 2009,
591,3 Idiot&#39;s Full Movie HD | Aamir Khan &amp;  Kareena Kapoor | 3 Idiot Movie | #3idiots,
602,"OM The Battle Within Movie Review | Angry Reaction By 3 Idiots Of Mumbai | Aditya R Kapur, Sanjana S",
608,‡§Ö‡§™‡§®‡§æ ‡§¶‡§ø‡§≤ ‡§°‡§∞‡§™‡•ã‡§ï ‡§π‡•à ‡§á‡§∏‡§ï‡•ã ‡§¨‡•á‡§µ‡§ï‡•Ç‡•û ‡§¨‡§®‡§æ ‡§ï‡•á ‡§∞‡§ñ‡•ã - 3 ‡§á‡§°‡§ø‡§Ø‡§ü‡•ç‡§∏ ‡§ï‡•â‡§Æ‡•á‡§°‡•Ä - ‡§Ü‡§Æ‡§ø‡§∞ ‡§ñ‡§æ‡§® - ‡§∂‡§∞‡§Æ‡§® ‡§ú‡•ã‡§∂‡•Ä,
610,Every Student Pain ü•∫ ft 3 idiots x Give me some sunshine ‚ú® Emotional Whatsapp Status üíî #viral #music,
615,give me some sunshine by 3 Idiots (lyrics),
625,3 Idiots Pakistan (Types of Neighbors),
630,||ipl spoof by || 3 idiots trolls||in Telugu... SRH,
637,3 Idiots Movie Behind The Scenes | Aamir Khan | Rajkumar Hirani | 3 Idiots Making Video,
638,3 Idiots,
643,Jane nahi denge tujhe #song by 3 Idiots  #on TikTok trending video üî•#rockyaman,
644,Jane nahi denge tujhe #song by 3 Idiots  #on TikTok trending video üî•#rockyaman,
657,#3idiots#amirkhanü•∞ #kareenakapoorüòç #shortsüòò,
665,3 Idiots Haryanvi !! Funny Vine !!  @TheBlackHeaven !!!,
672,Mr. Indian Hacker With R Madhavan - 3 Idiots Movie Actor,
676,Munde Kamaal De | Punjabi Movie | Punjabi Full movie,
677,Korean React To 3 Idiots Funny moments,
679,3 Idiot silencer speech l subtitle indo,
685,three  Idiots | The Mridul | Pragati | Nitin | The Mridul New Video 2021 | Nitin Mridul Comedy Video,
689,3 IDIOTS,
690,3 IDIOTS,
698,||Pangong lake ||leh|| Ladakh @Merry18  vlog||3 idiots film khaima jaga||,
703,Vikrant Rona Vs Ek Villian Returns Movie | Reaction By 3 Idiots Of Mumbai | Sandalwood Vs Bollywood,
704,3 IDIOTS BENGALI VERSION ‚Ä¢‚Ä¢ ‡¶¨‡¶æ‡¶®‡ßç‡¶¶‡¶∞ ‡¶Æ‡ßÅ‡¶π‡¶æ ‚Ä¢‚Ä¢ ‡¶≠‡ßÇ‡¶ó‡ßã‡¶≤‡ßá‡¶∞ ‡¶ï‡ßç‡¶≤‡¶æ‡¶∏,
707,"3 IDIOTS - Give Me Some Sunshine (Slowed and Reverbed) Chillednights: slowed till perfection,",
708,Original vs. Derivative: 3 Idiots &amp; Nanban Climax (Hindi Dialogue),
710,3 Idiots Emotional sceneü•≤üôè[HD]| India number 1 in Suicides üò∂üòî| Indian Education system üò£üòî|,
727,"Give Me Some Sunshine   3 Idiots | Aamir Khan, Madhavan, Sharman J | Suraj Jagan | Shantanu Moitra",
742,Bhool Bhulaiyaa 2 Review | By 3 Idiots Of Mumbai | Kartik Aaryan | Kiara Advani | Rajpal Y | Tabu,
748,"Mayabang Na Teacher Inakalang Bobo Siya | 3 Idiots | Ricky Tv | Tagalog Movie Recap | June 20, 2022",
751,Only ‚Çπ40 Dosa üî• Sathina Haowe ü§§ || 3 Idiots ki Scooter üòÇ,
755,Samrat Prithviraj Movie Review | By 3 Idiots Of Mumbai | Akshay Kumar | Sanjay Dutt | Sonu Sood,
761,"3 idiots | full movie | hd 720p | Aamir Khan, kareena, sharman,madhavan | #3_idiots review and facts",
772,"Raphinha to Chelsea or Barcelona, Dembele, Lewandowski, Neymar vs. PSG | Football Transfers",
787,Double Hijack!! ü§Ø Malacia ‡¥Ø‡µÇ‡¥£‡µà‡¥±‡µç‡¥±‡¥°‡¥ø‡¥≤‡µá‡¥ï‡µç‡¥ï‡µç.. ‡¥±‡¥æ‡¥´‡¥ø‡¥û‡µç‡¥û‡¥Ø‡µç‡¥ï‡µç‡¥ï‡µç ‡¥Ü‡¥Ø‡¥ø ‡¥ö‡µÜ‡µΩ‡¥∏‡¥ø ‡¥¨‡¥ø‡¥°‡µç !! Football Transfers,
846,‡¥±‡µä‡¥£‡¥æ‡µæ‡¥°‡µã‡¥ï‡µç‡¥ï‡µç ‡¥µ‡µá‡¥£‡µç‡¥ü‡¥ø ‡¥ö‡µÜ‡µΩ‡¥∏‡¥ø..!! Di Maria ‡¥Ø‡µÅ‡¥µ‡µá‡¥Ø‡¥ø‡¥≤‡µá‡¥ï‡µç‡¥ï‡µç ? Football Transfers Malayalam,
877,‡¥∏‡µç‡¥±‡µç‡¥±‡µÜ‡µº‡¥≤‡¥ø‡¥ô‡µç‡¥ô‡¥ø‡¥®‡¥æ‡¥Ø‡¥ø ‡¥ö‡µÜ‡µΩ‡¥∏‡¥ø..!! Galtier PSG‡¥≤‡µá‡¥ï‡µç‡¥ï‡µç.. Football Transfers Malayalam,
916,Football transfers that ruined careers part 1,
921,Kalvin Philips ‡¥∏‡¥ø‡¥±‡µç‡¥±‡¥ø‡¥Ø‡¥ø‡µΩ !! Gabriel Jesus ‡¥Ü‡¥¥‡µç‚Äå‡¥∏‡¥£‡¥≤‡¥ø‡µΩ.. Football Transfers Malayalam.,
940,Transfer Window 2022 ü•µü§Ø | ‡¥®‡¥ø‡¥ô‡µç‡¥ô‡µæ‡¥ï‡µç‡¥ï‡¥±‡¥ø‡¥Ø‡¥æ‡¥Æ‡µã? | Ronaldo | Salah | #football | @Raf Talks,
950,10 Crazy Football Transfers That Almost Happened (Part 2),
951,‡¥±‡¥æ‡¥´‡¥ø‡¥û‡µç‡¥û‡¥ï‡µç‡¥ï‡¥æ‡¥Ø‡¥ø ‡¥Ü‡¥¥‡µç‚Äå‡¥∏‡¥£‡µΩ ‡¥¨‡¥ø‡¥°‡µç !! ‡¥®‡µÜ‡¥Ø‡µç‡¥Æ‡µº PSG ‡¥µ‡¥ø‡¥ü‡µÅ‡¥Æ‡µã? Antony &amp; United.. Football Transfers Malayalam,
960,‚ÄúHaaland ‚Äú‡¥∏‡¥ø‡¥±‡µç‡¥±‡¥ø‡¥Ø‡µÅ‡¥ü‡µÜ no.1 target !! Arsenal pushing for Vlahovic..Football Transfers Malayalam,
997,January Transfer window üò≥,
1005,‡¥µ‡µÄ‡¥£‡µç‡¥ü‡µÅ‡¥Ç ‡¥ü‡µç‡¥µ‡¥ø‡¥∏‡µç‡¥±‡µç‡¥±‡µç !!‡¥é‡¥Ç‡¥¨‡¥™‡µç‡¥™‡µá PSG‡¥Ø‡¥ø‡µΩ  ‡¥§‡µÅ‡¥ü‡µº‡¥®‡µç‡¥®‡µá‡¥ï‡µç‡¥ï‡µÅ‡¥Ç.. Football Transfers Malayalam,
1019,Mbappe ‡¥±‡¥Ø‡¥≤‡¥ø‡µΩ..‚úÖ Gundogan ‡¥∏‡¥ø‡¥±‡µç‡¥±‡¥ø ‡¥µ‡¥ø‡¥ü‡µÅ‡¥Ç.. Timber‡¥®‡µÅ ‡¥Ü‡¥Ø‡¥ø ‡¥Ø‡µÅ‡¥£‡µà‡¥±‡µç‡¥±‡¥°‡µç !! Football Transfers Malayalam,
1055,PM Modi hugs UAE President in Abu Dhabi; ‚ÄòTouched by special gesture‚Äô,
1056,How Biden walked up to PM Modi to greet him at G7 Summit in Germany&#39;s  Schloss Elmau,
1073,How Biden walked up to PM Modi to greet him at G7 Summit in Germany&#39;s  Schloss Elmau,
1103,"PM Modi meets Biden, Macron, Trudeau at G7 Summit | World leaders converge amid Ukraine war",
1104,"PM Modi meets Biden, Macron, Trudeau at G7 Summit | World leaders converge amid Ukraine war",
1134,"PM Narendra Modi arrives in Berlin, Germany",
1158,"PM Modi&#39;s gifts for G7 leaders; Kashmiri Carpet, Ram Durbar, Zardozi Box and more I Who Got What",
1159,"PM Modi, Emmanuel Macron share warm hug at G7 summit; Two leaders&#39; bromance on full display",
1187,"SC upholds clean chit to PM Modi in Gujarat riots case; Rules, ‚ÄòZakia Jafri‚Äôs plea devoid of merit‚Äô",
1225,PM Modi reaches out to Muslim women amid Hijab row; says &#39;attempts being made to instigate them&#39;,
1250,"2022 G7 Leaders‚Äô Summit: PM Trudeau meets with Indian PM Narendra Modi ‚Äì June 27, 2022",
1252,&#39;Her vision is outstanding&#39;: PM Modi lauds Droupadi Murmu as she meets the prime minister,
1255,PM Frederiksen welcomed PM  Narendra Modi  at Marienborg,
1300,Indian Polity | Making of the Indian Constitution - Part 1 | Kani Murugan | Suresh IAS Academy,
1311,Politics in India - Part 2 | Stand-Up Comedy by Munawar Faruqui,
1317,ONE SHOT - Indian Politics (Trends &amp; Development)  | CBSE Class 12 | By Khushi Wasson,
1330,Approaches to the Study of Indian Politics,
1346,üòÇFUNNY INDIAN POLITICIANSüî•#BILLUTALKS #FOUZITV,
1349,Reality of indian Politics During Elections || Senior IAS Officers ‡§®‡•á #Aamir_khan ‡§ï‡•ã ‡§¨‡§§‡§æ‡§Ø‡•Ä ‡§∏‡§ö‡•ç‡§ö‡§æ‡§à,
1356,INDIAN POLITICS TREND AND DEVLOPMENT CLASS12 POLITICAL SCIENCE BOOK-2,
1357,If Indian politics was an school üî•üòÇ,
1359,ISSUES IN INDIAN POLITICS,
1362,RECENT TRENDS OF PARTY SYSTEM IN INDIA || EMERGING TRENDS IN INDIAN POLITICS || SEM-4||SEM2|IMP. Q.,
1367,How will politics be in 2021? I INDIAN POLITICS I UP ELECTIONS,
1371,ISSUES IN INDIAN POLITICS (PART -1),
1372,ISSUES IN INDIAN POLITICS (PART -1),
1373,Caste in Indian Politics - 1 (CH-03),
1375,Emerging trends in Indian politics #29 March 2020,
1382,Recent Developments in Indian Politics Class 12 Political Science Important Questions for Term 2,
1387,‡§Ö‡§¨ ‡§π‡§Ç‡§∏‡•Ä ‡§∞‡•ã‡§ï‡§ï‡§∞ ‡§¶‡§ø‡§ñ‡§æ‡§ì ? Who Is Pappu In Indian Politics . Hokamdev,
1389,Recent Developments in Indian Politics - Part 1 _Political Science Class 12,
1391,History of Indian Politics from 1947 To 2020,
1398,Chanakya of Indian politics #chanakya #indianpolitics #amitshah,
1399,Islamization of Indian Politics || Sushil Pandit || Manushi India ||,
1408,Contract teacher class 2 | Indian Politics GK  |5000 questions |CHT class 2021 | #abiratstudycentre,
1411,Indian politics : Trends and development PART 1,
1413,Indian Politics: Trends and Developments Class 12 NCERT Explanation in Hindi | Best Notes,
1415,"Indian Political Behaviour,role of religion and caste in Indian politics, psir, IAS mains",
1417,Famous Commentators of Indian Politics | E-Book | All Major Thinkers | No More Tension of Material,
1421,KANHAIYA KUMAR Speech on &quot;Role of Youth In Indian Politics&quot;,
1432,usa vs india politics,
1441,10 Most Expected Ques | Indian Politics - Trends &amp; Development | CBSE Class 12 | By Khushi Wasson,
1442,"Regionalism in Indian Politics, Chapter-11",
1459,indian politics trends and development...project file ü§©ü§©,
1460,FULL REVISION RECENT DEVELOPMENTS IN INDIAN POLITICS,
1465,The Aam Aadmi Party Phenomenon in Indian Politics‡•§‡•§ Abhijit Iyer Mitra ‡•§‡•§ Manushi India ‡•§‡•§,
1479,AYODHYA DISPUTE || INDIAN POLITICS : TRENDS AND DEVELOPMENT || CLASS 12 POLITICAL SCIENCE || CBSE,
1483,Youth Leadership in Indian politics | ‡≤≠‡≤æ‡≤∞‡≤§‡≤¶ ‡≤∞‡≤æ‡≤ú‡≤ï‡≥Ä‡≤Ø‡≤¶‡≤≤‡≥ç‡≤≤‡≤ø ‡≤Ø‡≥Å‡≤µ ‡≤®‡≤æ‡≤Ø‡≤ï‡≤§‡≥ç‡≤µ | 2nd puc political science |SG,
1487,Role of #social #media in Indian politics,
1491,Political science project ‚ÄúTOPIC: Recent Development in Indian Politics‚Äù,
1494,"Recent Developments in Indian Politics, Part 1, Mandal Commission,Class 12 Political Science",
1501,Recent Developments in Indian Politics - Part 5 : Political Science Class 12,
1512,IAS PCS Polity Lecture 64- Recent Developments in Indian Politics,
1515,Can Yogi be the Next Modi? | Indian Politics | UP Assembly Elections 2022 | Party and Politics,
1516,Recent devlopments in Indian politics class 12/political science/bysimran sahni,
1523,CLASS 12th POLITICAL SCIENCE | CHAPTER - RECENT DEVELOPMENTS IN INDIAN POLITICS |,
1538,IF INDIAN POLITICS WAS A SCHOOL EDIT FT.WE ROLLIN | 444 KM EDITS |,
1547,"Raphinha to Chelsea or Barcelona, Dembele, Lewandowski, Neymar vs. PSG | Football Transfers",
1561,Double Hijack!! ü§Ø Malacia ‡¥Ø‡µÇ‡¥£‡µà‡¥±‡µç‡¥±‡¥°‡¥ø‡¥≤‡µá‡¥ï‡µç‡¥ï‡µç.. ‡¥±‡¥æ‡¥´‡¥ø‡¥û‡µç‡¥û‡¥Ø‡µç‡¥ï‡µç‡¥ï‡µç ‡¥Ü‡¥Ø‡¥ø ‡¥ö‡µÜ‡µΩ‡¥∏‡¥ø ‡¥¨‡¥ø‡¥°‡µç !! Football Transfers,
1562,Double Hijack!! ü§Ø Malacia ‡¥Ø‡µÇ‡¥£‡µà‡¥±‡µç‡¥±‡¥°‡¥ø‡¥≤‡µá‡¥ï‡µç‡¥ï‡µç.. ‡¥±‡¥æ‡¥´‡¥ø‡¥û‡µç‡¥û‡¥Ø‡µç‡¥ï‡µç‡¥ï‡µç ‡¥Ü‡¥Ø‡¥ø ‡¥ö‡µÜ‡µΩ‡¥∏‡¥ø ‡¥¨‡¥ø‡¥°‡µç !! Football Transfers,
1623,‡¥±‡µä‡¥£‡¥æ‡µæ‡¥°‡µã‡¥ï‡µç‡¥ï‡µç ‡¥µ‡µá‡¥£‡µç‡¥ü‡¥ø ‡¥ö‡µÜ‡µΩ‡¥∏‡¥ø..!! Di Maria ‡¥Ø‡µÅ‡¥µ‡µá‡¥Ø‡¥ø‡¥≤‡µá‡¥ï‡µç‡¥ï‡µç ? Football Transfers Malayalam,
1654,‡¥∏‡µç‡¥±‡µç‡¥±‡µÜ‡µº‡¥≤‡¥ø‡¥ô‡µç‡¥ô‡¥ø‡¥®‡¥æ‡¥Ø‡¥ø ‡¥ö‡µÜ‡µΩ‡¥∏‡¥ø..!! Galtier PSG‡¥≤‡µá‡¥ï‡µç‡¥ï‡µç.. Football Transfers Malayalam,
1696,Football transfers that ruined careers part 1,
1700,Kalvin Philips ‡¥∏‡¥ø‡¥±‡µç‡¥±‡¥ø‡¥Ø‡¥ø‡µΩ !! Gabriel Jesus ‡¥Ü‡¥¥‡µç‚Äå‡¥∏‡¥£‡¥≤‡¥ø‡µΩ.. Football Transfers Malayalam.,
1720,Transfer Window 2022 ü•µü§Ø | ‡¥®‡¥ø‡¥ô‡µç‡¥ô‡µæ‡¥ï‡µç‡¥ï‡¥±‡¥ø‡¥Ø‡¥æ‡¥Æ‡µã? | Ronaldo | Salah | #football | @Raf Talks,
1721,Transfer Window 2022 ü•µü§Ø | ‡¥®‡¥ø‡¥ô‡µç‡¥ô‡µæ‡¥ï‡µç‡¥ï‡¥±‡¥ø‡¥Ø‡¥æ‡¥Æ‡µã? | Ronaldo | Salah | #football | @Raf Talks,
1731,10 Crazy Football Transfers That Almost Happened (Part 2),
1732,‡¥±‡¥æ‡¥´‡¥ø‡¥û‡µç‡¥û‡¥ï‡µç‡¥ï‡¥æ‡¥Ø‡¥ø ‡¥Ü‡¥¥‡µç‚Äå‡¥∏‡¥£‡µΩ ‡¥¨‡¥ø‡¥°‡µç !! ‡¥®‡µÜ‡¥Ø‡µç‡¥Æ‡µº PSG ‡¥µ‡¥ø‡¥ü‡µÅ‡¥Æ‡µã? Antony &amp; United.. Football Transfers Malayalam,
1741,‚ÄúHaaland ‚Äú‡¥∏‡¥ø‡¥±‡µç‡¥±‡¥ø‡¥Ø‡µÅ‡¥ü‡µÜ no.1 target !! Arsenal pushing for Vlahovic..Football Transfers Malayalam,
1779,January Transfer window üò≥,
1788,‡¥µ‡µÄ‡¥£‡µç‡¥ü‡µÅ‡¥Ç ‡¥ü‡µç‡¥µ‡¥ø‡¥∏‡µç‡¥±‡µç‡¥±‡µç !!‡¥é‡¥Ç‡¥¨‡¥™‡µç‡¥™‡µá PSG‡¥Ø‡¥ø‡µΩ  ‡¥§‡µÅ‡¥ü‡µº‡¥®‡µç‡¥®‡µá‡¥ï‡µç‡¥ï‡µÅ‡¥Ç.. Football Transfers Malayalam,
1802,Mbappe ‡¥±‡¥Ø‡¥≤‡¥ø‡µΩ..‚úÖ Gundogan ‡¥∏‡¥ø‡¥±‡µç‡¥±‡¥ø ‡¥µ‡¥ø‡¥ü‡µÅ‡¥Ç.. Timber‡¥®‡µÅ ‡¥Ü‡¥Ø‡¥ø ‡¥Ø‡µÅ‡¥£‡µà‡¥±‡µç‡¥±‡¥°‡µç !! Football Transfers Malayalam,
1839,PM Modi hugs UAE President in Abu Dhabi; ‚ÄòTouched by special gesture‚Äô,
1840,PM Modi hugs UAE President in Abu Dhabi; ‚ÄòTouched by special gesture‚Äô,
1841,How Biden walked up to PM Modi to greet him at G7 Summit in Germany&#39;s  Schloss Elmau,
1858,How Biden walked up to PM Modi to greet him at G7 Summit in Germany&#39;s  Schloss Elmau,
1890,"PM Modi meets Biden, Macron, Trudeau at G7 Summit | World leaders converge amid Ukraine war",
1921,"PM Narendra Modi arrives in Berlin, Germany",
1946,"PM Modi&#39;s gifts for G7 leaders; Kashmiri Carpet, Ram Durbar, Zardozi Box and more I Who Got What",
1947,"PM Modi, Emmanuel Macron share warm hug at G7 summit; Two leaders&#39; bromance on full display",
1976,"SC upholds clean chit to PM Modi in Gujarat riots case; Rules, ‚ÄòZakia Jafri‚Äôs plea devoid of merit‚Äô",
2015,PM Modi reaches out to Muslim women amid Hijab row; says &#39;attempts being made to instigate them&#39;,
2041,"2022 G7 Leaders‚Äô Summit: PM Trudeau meets with Indian PM Narendra Modi ‚Äì June 27, 2022",
2043,&#39;Her vision is outstanding&#39;: PM Modi lauds Droupadi Murmu as she meets the prime minister,
2046,PM Frederiksen welcomed PM  Narendra Modi  at Marienborg,
2071,The Daily Muppet | 2 Deals Done... Who&#39;s Next? | Manchester United Transfer News | June 30 22,
2078,Day Two - Erik Ten Hag Full Second Training Session With Manchester United,
2085,SHOCK ROMERO RETURN? When Will HERE WE GO Happen For de Jong? | Man Utd Transfer News,
2092,DEAL‚ùóDE JONG &amp; MALACIA TES MEDIS‚úÖERIKSEN MERAPAT PEKAN INIüö®MARTINEZ NGEBET GABUNG MUüî•3 PEMAIN OUTüëã,
2096,The Ten Hag Era Begins: Day One || INSIDE TRAINING üèÉ‚Äç‚ôÇÔ∏è,
2097,Hard Fitness Training Begins !! 2 Transfers Explained Together !! l Man United,
2114,"&quot;Hand The Ball, Play Fast !!&quot; Erik Ten Hag&#39;s Training Reactions l Man United",
2119,Manchester United Dream lineup 2022/23 with transfer Rumours,
2121,"Malacia ‡¥Ø‡µÅ‡¥£‡µà‡¥±‡µç‡¥±‡¥°‡¥ø‡µΩü§Ø,OL Move hijackedüî•|Manchester united updates|transfer updates Malayalam",
2125,Manchester United sign Tyrell Malacia: Erik ten Hag too focused on Dutch players? | ESPN FC,
2135,I Built Full Master Manchester United Squad 2022 - FIFA Mobile 22,
2143,"Erik Ten Hag shows skills on first Man United training at Carrington grounds as Sancho,Van De Beek",
2145,Amazing Erik Ten Hag First Day Training At Carrington As Manchester United Manager.,
2157,Manchester United - Past &amp; Present Best Special Master Squad builder FIFA Mobile 22,
2164,‚ÄúBikin Semua Pemain Kaget‚Äù Lihatlah Metode Tak Lazim Yang Dilakukan Ten Hag Dalam Latihan Perdana MU,
2165,‚ÄúBikin Semua Pemain Kaget‚Äù Lihatlah Metode Tak Lazim Yang Dilakukan Ten Hag Dalam Latihan Perdana MU,
2172,Look How Manchester United Players are Preparing for Pre-Season with Erik Ten Hag üëÄ!,
2188,Lionel Messi vs Manchester United (UCL Final 2009) English Commentary - HD 1080i,
2190,Manchester United vs Bayern Munich ü§©üî•,
2193,"Tyrell Malacia  ‚ö´Ô∏è Defensive Skills, Passes &amp; Dribbles  üî¥üîµ Welcome To Manchester United  ?",
2200,Manchester United vs Real Madridü§©üî•,
2210,Manchester United vs Manchester City ü§©üî•,
2212,Manchester United vs Liverpool ü§©üî•,
2214,Manchester United üÜö Real Madrid UEFA SUPER CUP FINAL 2017#shorts #football,
2218,Manchester united vs Middlesbrough | Penalty shootout ü•∂,
2231,Manchester United vs Real Madridüî•,
2236,Manchester United vs Ac Milanü§©üî•,
2261,I REBUILD MANCHESTER UNITED but its FIFA 18...üòÇ,
2270,"ü§©Manchester United Players React to Erik Ten Hag Appointment | Ft. Ronaldo, De Gea, Mctominay‚Ä¶",
2275,Ronaldo Leaving Manchester United?? | #football #ronaldo #manchesterunited,
2287,Should Ronaldo leave Manchester United? üëÄ #shorts #football,
2303,Erik Ten Hag‚Äôs First Interview as a Manchester United Manager | Erik Ten Hag Interview Man United,
2311,Manchester United üÜö PSG champions league#shorts #football,
2327,Cristiano Ronaldo&#39;s All Goals &amp; Assists for Manchester United 2021/22 Season (English Commentary),
2340,Ben&amp;Ben - Paninindigan Kita | Official Music Video,
2348,"Romantic Hindi Love Sonngs 2022üíñ Main Jis Din Bhulaa Du, Mast Nazron Se, Lut GayeüíñJubin Nautiyal",
2349,Rose Gold - Addicted (Official Music Video),
2360,TikTok Mashup June 2022 üíôüíô(Not Clean)üíôüíô,
2366,AB  - A &amp; W Freestyle { Official Music Video } @KC VISUALS,
2367,Thamoiga Thamoiga || Jamz &amp; Kamala Luwang || Kenedy &amp; Minerva || Official Music Video Release 2022,
2373,GAUSH - LEGENDARY (prod. Double Headed) | ( OFFICIAL MUSIC VIDEO ) | BANTAI RECORDS,
2388,The Impulsive - &quot;Closure&quot; (Official Music Video),
2390,432 Hz | Reiki Music For Deep Spiritual Cleansing | Emotional &amp; Spiritual Detox Meditation,
2394,Kalkidan Asmare  - Adera|  ·âÉ·àç·ä™·ã≥·äï ·ä†·àµ·àõ·à® - ·ä†·ã∞·à´ New Ethiopian Music 2022 Official Music 30 June 2022,
2404,SACAR aka Lil Buddha - No Peace In Love ft. Starboi Virgin (Official Music Video),
2410,Masked Wolf - Astronaut In The Ocean (Official Music Video),
2412,New Trending Tagalog Love Song Pampatulog Nonstop OPM | Nyt Lumenda Naim &amp; PML | Orig &amp; Cover Song36,
2416,Ë®ÇÈñ±Á†¥10Ëê¨ÂõûÈ•ãÔºÅ2Â∞èÊôÇ 32È¶ñ „ÄäMusic Panda„Äã Á¥îÊ≠åÊõ≤Â§ßÁâπÈõÜÔºÅ,
2421,Special Tribute to music maestro Ilaiyaraaja | Smita | Thank You Dilse | Zee Telugu,
2423,"@Costa Titch - Big Flexa ft. C&#39;buda M, Alfa Kat, Banaba Des, Sdida &amp; Man T (Official Music Video)",
2430,NOBITA - IKAW LANG | Official Music Video,
2436,Rubi Rose - I Like (Official Music Video),
2439,Rubi Rose - I Like (Official Music Video),
2442,NOBITA - UNANG SAYAW | OFFICIAL MUSIC VIDEO,
2444,Watch The Cokeheads&#39;s &quot;Lustre&quot;  Music Video! (Ivory Updates) #shorts,
2452,Special Tribute to music maestro Ilaiyaraaja | Smita | Thank You Dilse | Zee Telugu,
2467,Mar√≠a Becerra - OJAL√Å | GALLERY SESSION - Amazon Music,
2472,Flerine Dah&#39;Queen Ft. Chanda Na Kay - Leya (Official Music Video),
2479,Nessa Barrett - die first (official music video),
2482,Blues music - You&#39;Re Easy On The Eyes - Scottie Brown - Spirit Night - TuneOne Music,
2485,Music versus #shorts,
2486,I asked AI to make a Music Video... the results are trippy,
2492,Samara - Minimum (Official Music Video),
2504,Makhadzi - Mama (Official Music Video),
2523,Girl In The Mirror - Music Video (Cover) by Payton Delu,
2525,‡§á‡§∏ ‡§ó‡§æ‡§®‡•á ‡§ï‡•ã ‡§Ü‡§™‡§®‡•á ‡§ï‡§¨ ‡§∏‡•Å‡§®‡§æ? ü§î fx music #ashortaday,
2532,Rema - Calm Down (Official Music Video),
2541,Top Tiktok Hits 2020  Top 30 Song  Best Hits  Best Music Playlist 2020  Best Music,
2569,Fireboy DML &amp; Ed Sheeran - Peru (Official Video),
2582,Di Na - Lil Jay x A-H x Hensy (Offcial Music Video),
2625,The Very Best Of Taylor Swift | Non-Stop Playlist,
2654,Taylor Swift - Look What You Made Me Do (Lyrics),
2666,Taylor Swift &amp; Wiz Khalifa - See You Again (Live on The 1989 World Tour),
2667,Taylor Swift - Come Back‚Ä¶ Be Here (Lyrics),
2668,Taylor Swift - Come Back‚Ä¶ Be Here (Lyrics),
2684,Taylor Swift - Style | Lirik Terjemahan,
2685,Enchanted - Taylor Swift [Lyrics],
2688,Taylor Swift - Wildest dreams (Lyrics),
2690,Happiest VS Saddest Song From Each Taylor Swift Album || taylorslover13,
2693,Taylor Swift - White Horse (Lyrics),
2695,CRINGE Is An Inevitable Part Of Life - Taylor Swift,
2700,THE WAY I LOVED YOU - Taylor Swift (Taylor&#39;s Version) (Lyrics),
2711,"Mood booster | Jessie J, Miley Cyrus, Taylor Swift (Mix)",
2712,Taylor Swift (Karan K Megamix) (2019),
2721,Taylor Swift - Getaway Car (Lyrics),
2725,Taylor Swift - The Way I Loved You (Taylor&#39;s Version) (Lyrics),
2738,The Man - Taylor Swift #shorts,
2741,TAYLOR SWIFT PLAYLIST Íí∞‚ëÖ·µï‡ºö·µïÍí±,
2747,Taylor Swift - This Love (Taylor&#39;s Version) (from &quot;The Summer I Turned Pretty&quot;) || Espa√±ol + Lyrics,
2750,Taylor Swift - Blank Space (lyrics),
2761,Style ‚Ä¢ Taylor Swift ‚Ä¢ lyrics,
2765,Happiest VS Saddest Song From Each Taylor Swift Album || taylorslover13,
2778,[Vietsub] Love Story - Taylor Swift,
2781,Speak Now - Taylor Swift (Lyrics Video),
2793,Taylor Swift - Love Story ( Lyrics ),
2794,Reacting to NEW Taylor Swift...,
2796,taylor swift - don&#39;t blame me (sped up &amp; reverb),
2805,taylor swift - don&#39;t blame me (sped up),
2806,taylor swift - don&#39;t blame me (sped up),
2807,Taylor Swift - Don‚Äôt Blame Me (Lyrics),
2810,Enchanted ‚Äî Taylor Swift (Sub. Espa√±ol),
2816,Wildest Dreams - Taylor Swift (tradu√ß√£o),
2820,Wildest Dreams - Taylor Swift // Espa√±ol [ Klaroline ],
2821,The Way I Loved You (Taylor&#39;s Version) - Taylor Swift [Belly &amp; Conrad],
2827,If This Was A Movie - Taylor Swift (lyrics),
2829,Taylor Swift - Blank Space | Lirik Terjemahan,
2830,Taylor Swift - Blank Space | Lirik Terjemahan,
2833,Taylor Swift - Sparks Fly(Lyrics),
2839,You Belong With Me - Taylor Swift (Lyrics),
2840,[mmsub]Taylor Swift - Love story (Taylor&#39;s Version) | Myanmar Subtitles/Lyrics,
2844,don‚Äôt blame me - taylor swift (sped up),
2849,Taylor Swift - Don&#39;t Blame Me (Lyrics),
2850,ARE YOU A TAYLOR SWIFT FANü•≥‚ÄºÔ∏è (song test p.3),
2857,Taylor Swift - The Way I Loved You (Taylor‚Äôs Version) (Letra en Espa√±ol) (Hessa),
2870,RRR full movie in hindi  Dubbed 2022 | ram charan Ntr | New south indian movie 2022 | S S Rajmoli |,
2880,New South Indian Love Story Movie 2022 | Superhit Movie | Naga Chaitnaya New Movie 2022 In Hindi,
2884,RRR full movie in hindi dubbed,
2904,"New South Indian Love Story Hindi Dubbed Movie 2022 | Akhil Akkeneni, Pooja Hegde New Movie 2022",
2915,Dharmaveer marathi movie part 3 || ‡§ß‡§∞‡•ç‡§Æ‡§µ‡•Ä‡§∞ ‡§Æ‡§∞‡§æ‡§†‡•Ä movies || dharmveer mukkam post thane chitrapat HD,
2921,udgharsha first look |udgharsha new Canada movie |Sai dhanshika |sunil kumar Desai,
2923,Yash So Handsome style KGF2 YASH #kgf2‚Äã #kgfchapter2‚Äã #kgf‚Äã #shorts‚Äã Yash movie,
2953,SNIPER KILLER - Best Action Movies 2022 - Latest Hollywood Action Movies,
2969,Qismat 2 full punjabi movie ||full hd,
2986,Top Gun: Maverick | Dogfight Football Clip (2022 Movie),
3000,Rashmika Mandanna Superhit Action Movie Dubbed In Hindi Full Romantic Love Story | South New Movies,
3002,udgharsha first look |udgharsha new Canada movie |Sai dhanshika |sunil kumar Desai,
3005,Yash So Handsome style KGF2 YASH #kgf2‚Äã #kgfchapter2‚Äã #kgf‚Äã #shorts‚Äã Yash movie,
3006,Mahesh Babu Rashmika Mandanna Full HD Action Movie | 2022 Full HD Movie | Latest South Dubbed Movie,
3017,Ajith &amp; Sneha Superhit Action Movie Dubbed In Hindi Full Romantic Love Story | Soldier | New Movies,
3041,New Action Blockbuster Hindi Dubbed Movie | New South Indian Movies Dubbed In Hindi Full Love Story,
3063,Retrun Of Samhara (Hindi Dubbed) New Released Full Action Movie | Chiranjeevi Sarja | South Movies,
3067,Khiladi 2 (Hindi Dubbed) New Released Full Action Movie | Sunil &amp; Mannara | South Movie | Hindi Film,
3070,Pakka Commercial Full Hindi Dubbed Official Movie | South Indian Romantic Movie | Raashi Khanna,
3080,Kozhipporu MOVIE SCENE | Malayalam Comedy Scenes#shorts,
3095,THE DEPT OF LOVE(NEW EXCLUSIVE MOVIE)RAY EMODI SONIA UCHE 2022 LATEST NIGERIAN MOVIE|2022 NIGE MOVIE,
3116,WWE Money in the Bank 2022 Full Highlights - WWE Money in the Bank 2nd July 2022 Highlights,
3118,Ups And Downs For WWE Money In The Bank 2022,
3129,Israel Adesanya walks out to the Undertaker&#39;s theme song at #UFC276 in front of Vince McMahon &amp; HHH,
3130,All Ronda Rousey&#39;s WWE SmackDown Women&#39;s Championship Defenses,
3138,WWE Money Inthe Bank 2 July 2022 Highlights HD - WWE Money Inthe Bank 7/2/22 FullShow HD,
3140,"J.Cena Wins MITB.. Austin Vs Cena Off-Air, Corbin attacks Pat, Roman WWE Money inthe Bank Highlights",
3159,MONEY IN THE BANK 2022 RESUMEN (ANALISIS),
3161,Veer Mahaan Debut Match Vs Dominik Mysterio | WWE Monday Night Raw,
3189,Veer Mahaan New Match WWE Live Event 2022,
3197,"WWE Teases HUGE Return In Video, New Champions Crowned Money In The Bank 2022",
3225,Veer Mahaan New Match WWE Live Event 2022,
3294,Veer Mahaan Destroys &amp; Defeat Omos WWE Raw 2022,
3307,Brock Lesnar Challenge Veer Mahaan ! 5 WWE Wrestlers Can Destroy Veer Mahaan WWE Raw,
3328,WWE RAW l ÿßŸÑÿ±Ÿäÿßÿ∂ÿ© ÿπŸÑŸâ ÿ¥ÿßŸáÿØ l ÿ¥ÿßŸáÿØ VIP,
3344,WWE 2k22 Roman Reigns VS. Goldberg VS. Brock Lesnar VS. Veer Mahaan VS. All Raw &amp; Smackdown,
3349,Veer Mahaan Vs Roman Reigns WWE Raw 2022,
3355,Worst WWE Injuries of 2021,
3360,"Block lesnar vs Roman reigns,interrupted match, wwe Nigeria Version",
3368,Veer Mahaan New Match WWE Raw 2022,
3374,Namaste Sada Vatsale Matribhume | RSS | Akshay Pandya | Sushant Trivedi,
3381,What is RSS? Pakistan PM Imran Khan explains at UN,
3391,RSS TERBARU üî•üî•üî• SEKAR AJI RAYON  SINDORO SUMBING Live Jlegong Blimbing Kandangan Temanggung,
3398,Arvind Kejriwal ‡§®‡•á RSS Worker ‡§ï‡•Ä ‡§ï‡•ç‡§Ø‡§æ ‡§¨‡§æ‡§§ ‡§¨‡§§‡§æ‡§à ? | #AAP #Shorts #RSS,
3407,üì° LIVE STREAMING üî•üî•üî• RSS SEKAR AJI RAYON SINDORO SUMBING Jlegong Blimbing Kandangan Temanggung,
3408,RSS  ‡§ï‡§æ ‡§Ø‡•Ç‡§™‡•Ä ‡§ó‡•á‡§Æ ‡§™‡•ç‡§≤‡§æ‡§® ‡§∏‡§Æ‡§ù‡§æ ‡§¶‡§ø‡§Ø‡§æ ‡§á‡§® ‡§≤‡§°‡§º‡§ï‡•ã‡§Ç ‡§®‡•á,
3410,How RSS works in Tamilnadu?,
3412,15 min ‡§ï‡§æ time ‡§®‡§π‡•Ä ‡§Æ‡§æ‡§Ç‡§ó ‡§™‡§æ‡§ì‡§ó‡•á üò°üî±üö©üî±üö©üî±üïâÔ∏è#shortsvideo#rss#bjp#bajrangdal#supportkanhaiyalal#sanatani,
3413,RSS 2022 Conference Day 1,
3419,"Despre plinurile »ôi golurile din via»õa noastrƒÉ | RSS Reloaded #68 cu Iulian, Costel »ôi Lori",
3423,‡§®‡§Æ‡§∏‡•ç‡§§‡•á ‡§∏‡§¶‡§æ ‡§µ‡§§‡•ç‡§∏‡§≤‡•á ‡§Æ‡§æ‡§§‡•É‡§≠‡•Ç‡§Æ‡•á || Namaste Sada Vatsale Matribhume || RSS ||,
3424,RSS Wale Kon Hai? By Dr Israr Ahmad || Very Important Bayan,
3427,"‡§â‡§¶‡§Ø‡§™‡•Å‡§∞ ‡§ï‡§æ‡§Ç‡§° ‡§ï‡§æ ‡§®‡§Ø‡§æ ‡§µ‡•Ä‡§°‡§ø‡§Ø‡•ã ‡§∏‡§æ‡§Æ‡§®‡•á ‡§Ü‡§Ø‡§æ, ‡§∏‡§æ‡§∞‡•á RSS ‡§µ‡§æ‡§≤‡•á ‡§¶‡§Ç‡§ó ‡§∞‡§π ‡§ó‡§è!",
3432,RSS POWER,
3434,"Big Dric Energy / RSS Reloaded #108, cu Iulian, Costel »ôi Lori / Invitat special: Teo",
3435,RAYON SINDORO SUMBING ( RSS ) LIVE KANDANG TSCP CEPIT PAGERGUNUNG 2022,
3441,"‡§∂‡§æ‡§∞‡•Ä‡§∞‡§ø‡§ï ‡§®‡§ø‡§Ø‡•Å‡§¶‡•ç‡§ß ‡§Ö‡§≠‡•ç‡§Ø‡§æ‡§∏  RSS niyudh, RSS ‡§®‡§ø‡§Ø‡•Å‡§ß niyudh abhyas,sharirik",
3446,"‡§§‡§æ‡§ú‡§Æ‡§π‡§≤ ‡§Æ‡•á‡§Ç RTI ‡§ï‡§æ ‡§ú‡§µ‡§æ‡§¨, BJP-RSS ‡§™‡§∞ ‡§ï‡§∞‡§æ‡§∞‡§æ ‡§§‡§Æ‡§æ‡§ö‡§æ",
3453,Pakistani Muslims Shocking Reaction On RSS World&#39;s largest Hindu organization |Pakistani Bros React|,
3466,power of bajrang dal | katter hindu status | hindutv status | #bajrangdal#katterhindu#Rss#shorts,
3471,Rss geet_‡§ö‡§®‡•ç‡§¶‡§® ‡§π‡•à ‡§á‡§∏ ‡§¶‡•á‡§∂ ‡§ï‡•Ä ‡§Æ‡§æ‡§ü‡•Ä ‡•§‡•§ ‡§¶‡•á‡§∂‡§≠‡§ï‡•ç‡§§‡§ø ‡§ó‡•Ä‡§§ ‡§ê‡§ï ‡§¨‡§æ‡§∞ ‡§Ö‡§µ‡§∂‡•ç‡§Ø ‡§∏‡•Å‡§®‡•á!! Very Popular song!! sangh geet.,
3474,‡¥Æ‡µÅ‡¥∏‡µç‡¥≤‡µÄ‡¥ô‡µç‡¥ô‡¥≥‡¥≤‡µç‡¥≤ RSS ‡¥Æ‡µã‡µº‡¥ö‡µç‡¥ö‡¥ï‡µç‡¥ï‡¥æ‡¥∞‡¥æ‡¥£‡µç ‡¥ï‡¥®‡¥Ø‡µç‡¥Ø‡¥Ø‡µÜ ‡¥µ‡¥ß‡¥ø‡¥ö‡µç‡¥ö‡¥§‡µçüò†(8848878817),
3481,Virgin Social Media vs. Chad RSS (UNCENSORED!),
3487,RSS Ki Sakha Kese Lagae( ‡§∏‡§Ç‡§ò ‡§ï‡•Ä ‡§∂‡§æ‡§ñ‡§æ ‡§≤‡§ó‡§æ‡§®‡•á ‡§µ ‡§∏‡§Æ‡§æ‡§™‡§® ‡§ï‡§∞‡§®‡•á ‡§ï‡•Ä ‡§™‡•Ç‡§∞‡•Ä ‡§™‡§¶‡•ç‡§¶‡§§‡§ø)üôèüö©,
3497,Que es un RSS y como utilizarlo,
3499,RSS ‡Æá‡Æ∞‡ØÅ‡Æï‡Øç‡Æï‡Æµ‡Æ∞‡Øà‡Æï‡Øç‡Æï‡ØÅ‡ÆÆ‡Øç ‡ÆÖ‡Æ™‡Øç‡Æ™‡Æü‡Æø‡Æ§‡Ææ‡Æ©‡Øç | Beef Ban,
3508,"RSS ‡§ï‡•Ä ‡§∞‡•à‡§≤‡•Ä ‡§Æ‡•á‡§Ç ‡§≠‡§æ‡§∞‡•Ä ‡§Æ‡§æ‡§∞-‡§™‡•Ä‡§ü, ‡§Æ‡•Å‡§∏‡•ç‡§≤‡§ø‡§Æ ‡§∏‡§Æ‡§æ‡§ú ‡§≠‡•Ä ‡§Ö‡•ú ‡§ó‡§Ø‡§æ!",
3511,Rss vs Nihang singh üòàüòà #rss #shivsena #nihangsingh #budhadal #tarnadal #bidhichanddal  #gatka,
3512,"‡§è‡§ï‡§®‡§æ‡§• ‡§∂‡§ø‡§Ç‡§¶‡•á ‡§ï‡•á ‡§∂‡§™‡§• ‡§≤‡•á‡§§‡•á ‡§π‡•Ä, BJP-RSS ‡§Æ‡•á‡§Ç ‡§´‡•Ç‡§ü ‡§™‡§°‡§º‡•Ä",
3517,‡§ò‡§∞‡§µ‡§æ‡§≤‡•Ä ‡§¨‡§æ‡§π‡§∞ ‡§µ‡§æ‡§≤‡•Ä (Gar wali Bhar Wali ) Video By Mukesh Sain &amp; Vanshika Sharma On Rss Movie,
3525,"bjp,rss whatsapp status üö©üö©üö©/kattar hindu status üî•üî•üî•",
3539,"üî¥RSS WEGODRES,spesial MAUNG PURBO ,garapan terbaru GLERR ABISS",
3545,‡§Æ‡•å‡§≤‡§µ‡•Ä ‡§®‡•á ‡§ï‡•ç‡§Ø‡§æ ‡§ï‡§π‡§æ RSS ‡§ï‡•á ‡§¨‡§æ‡§∞‡•á ‡§Æ‡•á‡§Ç #yogi_adityanath #shorts #hinduism #hindutva #bjp #‡§¨‡•Ä‡§ú‡•á‡§™‡•Ä #rss,
3559,"Savukku about RSS, BJP || #tamil #tnpolitics #shorts",
3564,RSS - RAYON SINDORO SUMBING - KUDA KEPANG - LIVE KUNDEN DALEMAN TEGOWANUH - 2019 FUL HD,
3572,4 ‡§∏‡§æ‡§≤ ‡§ï‡§æ ‡§´‡•å‡§ú‡•Ä|Army Agnipath|#Haryanvi #Natak #Episode By Mukesh Sain &amp; Kavita Jangra on Rss Movie,
3574,RSS 2022 Conference Day 3,
3579,RSSüò≠ vs PFI üí™ whatsapp status Muslim üí™ üî• Power of popular Front of India üí™,
3584,"Care-i faza cu ru»ôinea / RSS Reloaded #114, cu Iulian, Costel »ôi Lori",
3591,‡¥®‡¥ø‡¥∞‡µã‡¥ß‡¥ø‡¥ï‡µç‡¥ï‡µá‡¥£‡µç‡¥ü‡¥§‡µç RSS ‡¥∂‡¥æ‡¥ñ‡¥ï‡µæ | ‡¥ï‡¥ø‡¥ü‡¥ø‡¥≤‡µª speech | Afsal Qasimi | Imams council | Popular Front | PFI SDPI,
3595,‡¥û‡¥æ‡µª ‡¥í‡¥∞‡µÅ RSS ‡¥ï‡¥æ‡¥∞‡¥ø‡¥Ø‡¥æ‡¥£‡µç üí™RSS vs SDPI whatsapp status üî• (BJP BAJRANDAL VHP ),
3596,Rss Sdpi kannur|‡¥ï‡¥£‡¥ï‡µç‡¥ï‡µÅ‡¥ï‡µæ ‡¥ï‡¥æ‡¥≤‡¥≤‡¥Ç ‡¥Æ‡¥±‡¥®‡µç‡¥®‡¥æ‡¥≤‡µÅ‡¥Ç ‡¥ï‡¥æ‡¥≤‡µª ‡¥Æ‡¥±‡¥®‡µç‡¥®‡¥æ‡¥≤‡µÅ‡¥Ç RSS ‡¥Æ‡¥±‡¥ï‡µç‡¥ï‡¥ø‡¥≤‡µç‡¥≤,
3597,04 - Yunk Vino - R.S.S (Prod. Moyz x Tibery x Urs√£o) [Visualizer Gif],
3606,üëâr.s.s. ‡§®‡•á ‡§¨‡§§‡§æ‡§Ø‡§æ ‡§â‡§¶‡§Ø‡§™‡•Å‡§∞ ‡§π‡§§‡•ç‡§Ø‡§æ‡§ï‡§æ‡§Ç‡§° ‡§ï‡•ã ‡§§‡§æ‡§≤‡§ø‡§¨‡§æ‡§®‡•Ä ‡§ò‡§ü‡§®‡§æ..? ü§îüî• short#/rajsthan,
3611,Rashtriya Swayamsevak Sangh  [ RSS ] role in freedom movement | by Dr Ram Puniyani,
3612,#‡§Ø‡•ã‡§ó‡•Ä_‡§Ü‡§¶‡§ø‡§§‡•ç‡§Ø‡§®‡§æ‡§•_‡§™‡•ç‡§∞‡•á‡§∏_‡§ï‡§æ‡§Ç‡§´‡•ç‡§∞‡•á‡§Ç‡§∏#nupursharma #bjp #‡§Ø‡•ã‡§ó‡•Ä_‡§Ü‡§¶‡§ø‡§§‡•ç‡§Ø‡§®‡§æ‡§•_‡§ú‡•Ä #modified #rss,
3621,Hindu Power Status | #yogi #modi  #hindu #powar #bajrangdal #ram #rss #shorts #viral,
3623,Owaisi üê∂ Reply üëÜ Kattar hindu whatsapp statusll RSS Status ll kattar Hindu Status  #hindutva,
3628,The Daily Muppet | 2 Deals Done... Who&#39;s Next? | Manchester United Transfer News | June 30 22,
3636,Day Two - Erik Ten Hag Full Second Training Session With Manchester United,
3643,SHOCK ROMERO RETURN? When Will HERE WE GO Happen For de Jong? | Man Utd Transfer News,
3650,DEAL‚ùóDE JONG &amp; MALACIA TES MEDIS‚úÖERIKSEN MERAPAT PEKAN INIüö®MARTINEZ NGEBET GABUNG MUüî•3 PEMAIN OUTüëã,
3654,The Ten Hag Era Begins: Day One || INSIDE TRAINING üèÉ‚Äç‚ôÇÔ∏è,
3655,Hard Fitness Training Begins !! 2 Transfers Explained Together !! l Man United,
3657,Manchester United accelerating their interest in Feyenoord&#39;s Tyrell Malacia,
3673,ANTONY &amp; MARTINEZ 100 Million BID! MALACIA &amp; DEJONG Latest! Man Utd Transfer News,
3675,Manchester United Dream lineup 2022/23 with transfer Rumours,
3678,Cristiano Ronaldo Hat-Trick! | Manchester United 3-2 Norwich | Highlights,
3682,Manchester United sign Tyrell Malacia: Erik ten Hag too focused on Dutch players? | ESPN FC,
3691,I Built Full Master Manchester United Squad 2022 - FIFA Mobile 22,
3699,"Erik Ten Hag shows skills on first Man United training at Carrington grounds as Sancho,Van De Beek",
3701,Amazing Erik Ten Hag First Day Training At Carrington As Manchester United Manager.,
3713,Manchester United - Past &amp; Present Best Special Master Squad builder FIFA Mobile 22,
3719,‚ÄúBikin Semua Pemain Kaget‚Äù Lihatlah Metode Tak Lazim Yang Dilakukan Ten Hag Dalam Latihan Perdana MU,
3727,Look How Manchester United Players are Preparing for Pre-Season with Erik Ten Hag üëÄ!,
3743,Lionel Messi vs Manchester United (UCL Final 2009) English Commentary - HD 1080i,
3745,Manchester United vs Bayern Munich ü§©üî•,
3748,"Tyrell Malacia  ‚ö´Ô∏è Defensive Skills, Passes &amp; Dribbles  üî¥üîµ Welcome To Manchester United  ?",
3754,Manchester United vs Real Madridü§©üî•,
3763,Manchester United vs Manchester City ü§©üî•,
3765,Manchester United vs Liverpool ü§©üî•,
3767,Manchester United üÜö Real Madrid UEFA SUPER CUP FINAL 2017#shorts #football,
3771,Manchester united vs Middlesbrough | Penalty shootout ü•∂,
3772,Manchester united vs Middlesbrough | Penalty shootout ü•∂,
3784,Manchester United vs Real Madridüî•,
3789,Manchester United vs Ac Milanü§©üî•,
3812,I REBUILD MANCHESTER UNITED but its FIFA 18...üòÇ,
3822,"ü§©Manchester United Players React to Erik Ten Hag Appointment | Ft. Ronaldo, De Gea, Mctominay‚Ä¶",
3827,Ronaldo Leaving Manchester United?? | #football #ronaldo #manchesterunited,
3839,Should Ronaldo leave Manchester United? üëÄ #shorts #football,
3853,Erik Ten Hag‚Äôs First Interview as a Manchester United Manager | Erik Ten Hag Interview Man United,
3861,Manchester United üÜö PSG champions league#shorts #football,
3877,Cristiano Ronaldo&#39;s All Goals &amp; Assists for Manchester United 2021/22 Season (English Commentary),
3890,Ben&amp;Ben - Paninindigan Kita | Official Music Video,
3897,"Romantic Hindi Love Sonngs 2022üíñ Main Jis Din Bhulaa Du, Mast Nazron Se, Lut GayeüíñJubin Nautiyal",
3898,Rose Gold - Addicted (Official Music Video),
3908,TikTok Mashup June 2022 üíôüíô(Not Clean)üíôüíô,
3915,AB  - A &amp; W Freestyle { Official Music Video } @KC VISUALS,
3916,Thamoiga Thamoiga || Jamz &amp; Kamala Luwang || Kenedy &amp; Minerva || Official Music Video Release 2022,
3922,GAUSH - LEGENDARY (prod. Double Headed) | ( OFFICIAL MUSIC VIDEO ) | BANTAI RECORDS,
3936,The Impulsive - &quot;Closure&quot; (Official Music Video),
3938,432 Hz | Reiki Music For Deep Spiritual Cleansing | Emotional &amp; Spiritual Detox Meditation,
3941,Kalkidan Asmare  - Adera|  ·âÉ·àç·ä™·ã≥·äï ·ä†·àµ·àõ·à® - ·ä†·ã∞·à´ New Ethiopian Music 2022 Official Music 30 June 2022,
3951,SACAR aka Lil Buddha - No Peace In Love ft. Starboi Virgin (Official Music Video),
3958,Masked Wolf - Astronaut In The Ocean (Official Music Video),
3960,New Trending Tagalog Love Song Pampatulog Nonstop OPM | Nyt Lumenda Naim &amp; PML | Orig &amp; Cover Song36,
3964,Ë®ÇÈñ±Á†¥10Ëê¨ÂõûÈ•ãÔºÅ2Â∞èÊôÇ 32È¶ñ „ÄäMusic Panda„Äã Á¥îÊ≠åÊõ≤Â§ßÁâπÈõÜÔºÅ,
3968,Special Tribute to music maestro Ilaiyaraaja | Smita | Thank You Dilse | Zee Telugu,
3970,"@Costa Titch - Big Flexa ft. C&#39;buda M, Alfa Kat, Banaba Des, Sdida &amp; Man T (Official Music Video)",
3977,NOBITA - IKAW LANG | Official Music Video,
3983,Rubi Rose - I Like (Official Music Video),
3985,Rubi Rose - I Like (Official Music Video),
3988,NOBITA - UNANG SAYAW | OFFICIAL MUSIC VIDEO,
3990,Watch The Cokeheads&#39;s &quot;Lustre&quot;  Music Video! (Ivory Updates) #shorts,
3997,Special Tribute to music maestro Ilaiyaraaja | Smita | Thank You Dilse | Zee Telugu,
4013,Mar√≠a Becerra - OJAL√Å | GALLERY SESSION - Amazon Music,
4018,Flerine Dah&#39;Queen Ft. Chanda Na Kay - Leya (Official Music Video),
4025,Nessa Barrett - die first (official music video),
4027,Blues music - You&#39;Re Easy On The Eyes - Scottie Brown - Spirit Night - TuneOne Music,
4029,Music versus #shorts,
4030,I asked AI to make a Music Video... the results are trippy,
4036,Samara - Minimum (Official Music Video),
4049,Makhadzi - Mama (Official Music Video),
4067,Girl In The Mirror - Music Video (Cover) by Payton Delu,
4069,‡§á‡§∏ ‡§ó‡§æ‡§®‡•á ‡§ï‡•ã ‡§Ü‡§™‡§®‡•á ‡§ï‡§¨ ‡§∏‡•Å‡§®‡§æ? ü§î fx music #ashortaday,
4075,Rema - Calm Down (Official Music Video),
4084,Top Tiktok Hits 2020  Top 30 Song  Best Hits  Best Music Playlist 2020  Best Music,
4112,Fireboy DML &amp; Ed Sheeran - Peru (Official Video),
4123,Di Na - Lil Jay x A-H x Hensy (Offcial Music Video),
4161,Indian Polity | Making of the Indian Constitution - Part 1 | Kani Murugan | Suresh IAS Academy,
4171,Politics in India - Part 2 | Stand-Up Comedy by Munawar Faruqui,
4177,ONE SHOT - Indian Politics (Trends &amp; Development)  | CBSE Class 12 | By Khushi Wasson,
4191,Approaches to the Study of Indian Politics,
4205,üòÇFUNNY INDIAN POLITICIANSüî•#BILLUTALKS #FOUZITV,
4208,Reality of indian Politics During Elections || Senior IAS Officers ‡§®‡•á #Aamir_khan ‡§ï‡•ã ‡§¨‡§§‡§æ‡§Ø‡•Ä ‡§∏‡§ö‡•ç‡§ö‡§æ‡§à,
4215,INDIAN POLITICS TREND AND DEVLOPMENT CLASS12 POLITICAL SCIENCE BOOK-2,
4216,If Indian politics was an school üî•üòÇ,
4218,ISSUES IN INDIAN POLITICS,
4221,RECENT TRENDS OF PARTY SYSTEM IN INDIA || EMERGING TRENDS IN INDIAN POLITICS || SEM-4||SEM2|IMP. Q.,
4226,How will politics be in 2021? I INDIAN POLITICS I UP ELECTIONS,
4230,ISSUES IN INDIAN POLITICS (PART -1),
4231,Caste in Indian Politics - 1 (CH-03),
4232,Caste in Indian Politics - 1 (CH-03),
4234,Emerging trends in Indian politics #29 March 2020,
4240,Recent Developments in Indian Politics Class 12 Political Science Important Questions for Term 2,
4245,‡§Ö‡§¨ ‡§π‡§Ç‡§∏‡•Ä ‡§∞‡•ã‡§ï‡§ï‡§∞ ‡§¶‡§ø‡§ñ‡§æ‡§ì ? Who Is Pappu In Indian Politics . Hokamdev,
4247,Recent Developments in Indian Politics - Part 1 _Political Science Class 12,
4249,History of Indian Politics from 1947 To 2020,
4256,Chanakya of Indian politics #chanakya #indianpolitics #amitshah,
4257,Islamization of Indian Politics || Sushil Pandit || Manushi India ||,
4265,Contract teacher class 2 | Indian Politics GK  |5000 questions |CHT class 2021 | #abiratstudycentre,
4268,Indian politics : Trends and development PART 1,
4270,Indian Politics: Trends and Developments Class 12 NCERT Explanation in Hindi | Best Notes,
4272,"Indian Political Behaviour,role of religion and caste in Indian politics, psir, IAS mains",
4274,Famous Commentators of Indian Politics | E-Book | All Major Thinkers | No More Tension of Material,
4279,KANHAIYA KUMAR Speech on &quot;Role of Youth In Indian Politics&quot;,
4289,usa vs india politics,
4297,10 Most Expected Ques | Indian Politics - Trends &amp; Development | CBSE Class 12 | By Khushi Wasson,
4298,"Regionalism in Indian Politics, Chapter-11",
4315,indian politics trends and development...project file ü§©ü§©,
4316,FULL REVISION RECENT DEVELOPMENTS IN INDIAN POLITICS,
4321,The Aam Aadmi Party Phenomenon in Indian Politics‡•§‡•§ Abhijit Iyer Mitra ‡•§‡•§ Manushi India ‡•§‡•§,
4334,AYODHYA DISPUTE || INDIAN POLITICS : TRENDS AND DEVELOPMENT || CLASS 12 POLITICAL SCIENCE || CBSE,
4338,Youth Leadership in Indian politics | ‡≤≠‡≤æ‡≤∞‡≤§‡≤¶ ‡≤∞‡≤æ‡≤ú‡≤ï‡≥Ä‡≤Ø‡≤¶‡≤≤‡≥ç‡≤≤‡≤ø ‡≤Ø‡≥Å‡≤µ ‡≤®‡≤æ‡≤Ø‡≤ï‡≤§‡≥ç‡≤µ | 2nd puc political science |SG,
4342,Role of #social #media in Indian politics,
4346,Political science project ‚ÄúTOPIC: Recent Development in Indian Politics‚Äù,
4349,"Recent Developments in Indian Politics, Part 1, Mandal Commission,Class 12 Political Science",
4355,Recent Developments in Indian Politics - Part 5 : Political Science Class 12,
4366,IAS PCS Polity Lecture 64- Recent Developments in Indian Politics,
4369,Can Yogi be the Next Modi? | Indian Politics | UP Assembly Elections 2022 | Party and Politics,
4370,Can Yogi be the Next Modi? | Indian Politics | UP Assembly Elections 2022 | Party and Politics,
4371,Recent devlopments in Indian politics class 12/political science/bysimran sahni,
4377,CLASS 12th POLITICAL SCIENCE | CHAPTER - RECENT DEVELOPMENTS IN INDIAN POLITICS |,
4391,IF INDIAN POLITICS WAS A SCHOOL EDIT FT.WE ROLLIN | 444 KM EDITS |,
4400,"Raphinha to Chelsea or Barcelona, Dembele, Lewandowski, Neymar vs. PSG | Football Transfers",
4414,Double Hijack!! ü§Ø Malacia ‡¥Ø‡µÇ‡¥£‡µà‡¥±‡µç‡¥±‡¥°‡¥ø‡¥≤‡µá‡¥ï‡µç‡¥ï‡µç.. ‡¥±‡¥æ‡¥´‡¥ø‡¥û‡µç‡¥û‡¥Ø‡µç‡¥ï‡µç‡¥ï‡µç ‡¥Ü‡¥Ø‡¥ø ‡¥ö‡µÜ‡µΩ‡¥∏‡¥ø ‡¥¨‡¥ø‡¥°‡µç !! Football Transfers,
4474,‡¥±‡µä‡¥£‡¥æ‡µæ‡¥°‡µã‡¥ï‡µç‡¥ï‡µç ‡¥µ‡µá‡¥£‡µç‡¥ü‡¥ø ‡¥ö‡µÜ‡µΩ‡¥∏‡¥ø..!! Di Maria ‡¥Ø‡µÅ‡¥µ‡µá‡¥Ø‡¥ø‡¥≤‡µá‡¥ï‡µç‡¥ï‡µç ? Football Transfers Malayalam,
4504,‡¥∏‡µç‡¥±‡µç‡¥±‡µÜ‡µº‡¥≤‡¥ø‡¥ô‡µç‡¥ô‡¥ø‡¥®‡¥æ‡¥Ø‡¥ø ‡¥ö‡µÜ‡µΩ‡¥∏‡¥ø..!! Galtier PSG‡¥≤‡µá‡¥ï‡µç‡¥ï‡µç.. Football Transfers Malayalam,
4544,Football transfers that ruined careers part 1,
4548,Kalvin Philips ‡¥∏‡¥ø‡¥±‡µç‡¥±‡¥ø‡¥Ø‡¥ø‡µΩ !! Gabriel Jesus ‡¥Ü‡¥¥‡µç‚Äå‡¥∏‡¥£‡¥≤‡¥ø‡µΩ.. Football Transfers Malayalam.,
4568,Transfer Window 2022 ü•µü§Ø | ‡¥®‡¥ø‡¥ô‡µç‡¥ô‡µæ‡¥ï‡µç‡¥ï‡¥±‡¥ø‡¥Ø‡¥æ‡¥Æ‡µã? | Ronaldo | Salah | #football | @Raf Talks,
4578,10 Crazy Football Transfers That Almost Happened (Part 2),
4579,‡¥±‡¥æ‡¥´‡¥ø‡¥û‡µç‡¥û‡¥ï‡µç‡¥ï‡¥æ‡¥Ø‡¥ø ‡¥Ü‡¥¥‡µç‚Äå‡¥∏‡¥£‡µΩ ‡¥¨‡¥ø‡¥°‡µç !! ‡¥®‡µÜ‡¥Ø‡µç‡¥Æ‡µº PSG ‡¥µ‡¥ø‡¥ü‡µÅ‡¥Æ‡µã? Antony &amp; United.. Football Transfers Malayalam,
4588,‚ÄúHaaland ‚Äú‡¥∏‡¥ø‡¥±‡µç‡¥±‡¥ø‡¥Ø‡µÅ‡¥ü‡µÜ no.1 target !! Arsenal pushing for Vlahovic..Football Transfers Malayalam,
4625,January Transfer window üò≥,
4633,‡¥µ‡µÄ‡¥£‡µç‡¥ü‡µÅ‡¥Ç ‡¥ü‡µç‡¥µ‡¥ø‡¥∏‡µç‡¥±‡µç‡¥±‡µç !!‡¥é‡¥Ç‡¥¨‡¥™‡µç‡¥™‡µá PSG‡¥Ø‡¥ø‡µΩ  ‡¥§‡µÅ‡¥ü‡µº‡¥®‡µç‡¥®‡µá‡¥ï‡µç‡¥ï‡µÅ‡¥Ç.. Football Transfers Malayalam,
4647,Mbappe ‡¥±‡¥Ø‡¥≤‡¥ø‡µΩ..‚úÖ Gundogan ‡¥∏‡¥ø‡¥±‡µç‡¥±‡¥ø ‡¥µ‡¥ø‡¥ü‡µÅ‡¥Ç.. Timber‡¥®‡µÅ ‡¥Ü‡¥Ø‡¥ø ‡¥Ø‡µÅ‡¥£‡µà‡¥±‡µç‡¥±‡¥°‡µç !! Football Transfers Malayalam,
4683,PM Modi hugs UAE President in Abu Dhabi; ‚ÄòTouched by special gesture‚Äô,
4684,How Biden walked up to PM Modi to greet him at G7 Summit in Germany&#39;s  Schloss Elmau,
4701,How Biden walked up to PM Modi to greet him at G7 Summit in Germany&#39;s  Schloss Elmau,
4731,"PM Modi meets Biden, Macron, Trudeau at G7 Summit | World leaders converge amid Ukraine war",
4762,"PM Narendra Modi arrives in Berlin, Germany",
4786,"PM Modi&#39;s gifts for G7 leaders; Kashmiri Carpet, Ram Durbar, Zardozi Box and more I Who Got What",
4787,"PM Modi, Emmanuel Macron share warm hug at G7 summit; Two leaders&#39; bromance on full display",
4815,"SC upholds clean chit to PM Modi in Gujarat riots case; Rules, ‚ÄòZakia Jafri‚Äôs plea devoid of merit‚Äô",
4853,PM Modi reaches out to Muslim women amid Hijab row; says &#39;attempts being made to instigate them&#39;,
4878,"2022 G7 Leaders‚Äô Summit: PM Trudeau meets with Indian PM Narendra Modi ‚Äì June 27, 2022",
4880,&#39;Her vision is outstanding&#39;: PM Modi lauds Droupadi Murmu as she meets the prime minister,
4883,PM Frederiksen welcomed PM  Narendra Modi  at Marienborg,
4906,The Daily Muppet | 2 Deals Done... Who&#39;s Next? | Manchester United Transfer News | June 30 22,
4913,Day Two - Erik Ten Hag Full Second Training Session With Manchester United,
4920,SHOCK ROMERO RETURN? When Will HERE WE GO Happen For de Jong? | Man Utd Transfer News,
4921,SEPAKAT 100%ü§ùMU &amp; Barca Deal Harga De Jong‚úÖRonaldo Ultimatum MU Suruh Beli Pemianüò§Ten Hag Era Baruüî•,
4922,SEPAKAT 100%ü§ùMU &amp; Barca Deal Harga De Jong‚úÖRonaldo Ultimatum MU Suruh Beli Pemianüò§Ten Hag Era Baruüî•,
4929,Ten Hag&#39;s Man Utd Training: How He&#39;s Changing The Football Philosophy Inside United | REACTION,
4933,Hard Fitness Training Begins !! 2 Transfers Explained Together !! l Man United,
4934,Tyrell Malacia vs Germany | SUPER POWER | WELCOME TO MANCHESTER UNITED üî¥,
4936,Malacia To Man Utd: Why Ten Hag Is Signing Him | Style &amp; Strengths | Dutch Progressive Revolution!,
4952,How Malacia Will Fit In At Manchester United!,
4954,Manchester United‚Äôs potential starting XI next season üçø | ESPN FC,
4958,BREAKING: De Jong Deal Agreed! | Man United Transfer News,
4969,I Built Full Master Manchester United Squad 2022 - FIFA Mobile 22,
4977,"Erik Ten Hag shows skills on first Man United training at Carrington grounds as Sancho,Van De Beek",
4979,Amazing Erik Ten Hag First Day Training At Carrington As Manchester United Manager.,
4991,Manchester United - Past &amp; Present Best Special Master Squad builder FIFA Mobile 22,
4997,‚ÄúBikin Semua Pemain Kaget‚Äù Lihatlah Metode Tak Lazim Yang Dilakukan Ten Hag Dalam Latihan Perdana MU,
5004,Look How Manchester United Players are Preparing for Pre-Season with Erik Ten Hag üëÄ!,
5021,Lionel Messi vs Manchester United (UCL Final 2009) English Commentary - HD 1080i,
5023,Manchester United vs Bayern Munich ü§©üî•,
5026,"Tyrell Malacia  ‚ö´Ô∏è Defensive Skills, Passes &amp; Dribbles  üî¥üîµ Welcome To Manchester United  ?",
5032,Manchester United vs Real Madridü§©üî•,
5041,Manchester United vs Manchester City ü§©üî•,
5043,Manchester United vs Liverpool ü§©üî•,
5045,Manchester United üÜö Real Madrid UEFA SUPER CUP FINAL 2017#shorts #football,
5049,Manchester united vs Middlesbrough | Penalty shootout ü•∂,
5062,Manchester United vs Real Madridüî•,
5067,Manchester United vs Ac Milanü§©üî•,
5090,I REBUILD MANCHESTER UNITED but its FIFA 18...üòÇ,
5099,"ü§©Manchester United Players React to Erik Ten Hag Appointment | Ft. Ronaldo, De Gea, Mctominay‚Ä¶",
5104,Ronaldo Leaving Manchester United?? | #football #ronaldo #manchesterunited,
5117,Should Ronaldo leave Manchester United? üëÄ #shorts #football,
5131,Erik Ten Hag‚Äôs First Interview as a Manchester United Manager | Erik Ten Hag Interview Man United,
5139,Manchester United üÜö PSG champions league#shorts #football,
5155,Cristiano Ronaldo&#39;s All Goals &amp; Assists for Manchester United 2021/22 Season (English Commentary),
5168,Ben&amp;Ben - Paninindigan Kita | Official Music Video,
5175,"Romantic Hindi Love Sonngs 2022üíñ Main Jis Din Bhulaa Du, Mast Nazron Se, Lut GayeüíñJubin Nautiyal",
5176,Rose Gold - Addicted (Official Music Video),
5186,TikTok Mashup June 2022 üíôüíô(Not Clean)üíôüíô,
5192,AB  - A &amp; W Freestyle { Official Music Video } @KC VISUALS,
5193,Thamoiga Thamoiga || Jamz &amp; Kamala Luwang || Kenedy &amp; Minerva || Official Music Video Release 2022,
5200,GAUSH - LEGENDARY (prod. Double Headed) | ( OFFICIAL MUSIC VIDEO ) | BANTAI RECORDS,
5214,The Impulsive - &quot;Closure&quot; (Official Music Video),
5216,432 Hz | Reiki Music For Deep Spiritual Cleansing | Emotional &amp; Spiritual Detox Meditation,
5219,Kalkidan Asmare  - Adera|  ·âÉ·àç·ä™·ã≥·äï ·ä†·àµ·àõ·à® - ·ä†·ã∞·à´ New Ethiopian Music 2022 Official Music 30 June 2022,
5229,SACAR aka Lil Buddha - No Peace In Love ft. Starboi Virgin (Official Music Video),
5235,Masked Wolf - Astronaut In The Ocean (Official Music Video),
5237,New Trending Tagalog Love Song Pampatulog Nonstop OPM | Nyt Lumenda Naim &amp; PML | Orig &amp; Cover Song36,
5241,Ë®ÇÈñ±Á†¥10Ëê¨ÂõûÈ•ãÔºÅ2Â∞èÊôÇ 32È¶ñ „ÄäMusic Panda„Äã Á¥îÊ≠åÊõ≤Â§ßÁâπÈõÜÔºÅ,
5246,Special Tribute to music maestro Ilaiyaraaja | Smita | Thank You Dilse | Zee Telugu,
5248,"@Costa Titch - Big Flexa ft. C&#39;buda M, Alfa Kat, Banaba Des, Sdida &amp; Man T (Official Music Video)",
5255,NOBITA - IKAW LANG | Official Music Video,
5261,Rubi Rose - I Like (Official Music Video),
5263,Rubi Rose - I Like (Official Music Video),
5266,NOBITA - UNANG SAYAW | OFFICIAL MUSIC VIDEO,
5268,Watch The Cokeheads&#39;s &quot;Lustre&quot;  Music Video! (Ivory Updates) #shorts,
5275,Special Tribute to music maestro Ilaiyaraaja | Smita | Thank You Dilse | Zee Telugu,
5291,Mar√≠a Becerra - OJAL√Å | GALLERY SESSION - Amazon Music,
5296,Flerine Dah&#39;Queen Ft. Chanda Na Kay - Leya (Official Music Video),
5303,Nessa Barrett - die first (official music video),
5305,Blues music - You&#39;Re Easy On The Eyes - Scottie Brown - Spirit Night - TuneOne Music,
5307,Music versus #shorts,
5308,I asked AI to make a Music Video... the results are trippy,
5314,Samara - Minimum (Official Music Video),
5326,Makhadzi - Mama (Official Music Video),
5345,Girl In The Mirror - Music Video (Cover) by Payton Delu,
5347,‡§á‡§∏ ‡§ó‡§æ‡§®‡•á ‡§ï‡•ã ‡§Ü‡§™‡§®‡•á ‡§ï‡§¨ ‡§∏‡•Å‡§®‡§æ? ü§î fx music #ashortaday,
5353,Rema - Calm Down (Official Music Video),
5362,Top Tiktok Hits 2020  Top 30 Song  Best Hits  Best Music Playlist 2020  Best Music,
5390,Fireboy DML &amp; Ed Sheeran - Peru (Official Video),
5401,Di Na - Lil Jay x A-H x Hensy (Offcial Music Video),
5443,The Very Best Of Taylor Swift | Non-Stop Playlist,
5471,Taylor Swift - Look What You Made Me Do (Lyrics),
5484,Taylor Swift &amp; Wiz Khalifa - See You Again (Live on The 1989 World Tour),
5485,Taylor Swift - Come Back‚Ä¶ Be Here (Lyrics),
5500,Taylor Swift - Style | Lirik Terjemahan,
5501,Enchanted - Taylor Swift [Lyrics],
5504,Taylor Swift - Wildest dreams (Lyrics),
5506,Happiest VS Saddest Song From Each Taylor Swift Album || taylorslover13,
5509,Taylor Swift - White Horse (Lyrics),
5511,CRINGE Is An Inevitable Part Of Life - Taylor Swift,
5516,THE WAY I LOVED YOU - Taylor Swift (Taylor&#39;s Version) (Lyrics),
5527,"Mood booster | Jessie J, Miley Cyrus, Taylor Swift (Mix)",
5528,Taylor Swift (Karan K Megamix) (2019),
5536,Taylor Swift - Getaway Car (Lyrics),
5540,Taylor Swift - The Way I Loved You (Taylor&#39;s Version) (Lyrics),
5552,The Man - Taylor Swift #shorts,
5555,TAYLOR SWIFT PLAYLIST Íí∞‚ëÖ·µï‡ºö·µïÍí±,
5561,Taylor Swift - This Love (Taylor&#39;s Version) (from &quot;The Summer I Turned Pretty&quot;) || Espa√±ol + Lyrics,
5564,Taylor Swift - Blank Space (lyrics),
5575,Style ‚Ä¢ Taylor Swift ‚Ä¢ lyrics,
5579,Happiest VS Saddest Song From Each Taylor Swift Album || taylorslover13,
5591,[Vietsub] Love Story - Taylor Swift,
5594,Speak Now - Taylor Swift (Lyrics Video),
5606,Taylor Swift - Love Story ( Lyrics ),
5607,Reacting to NEW Taylor Swift...,
5609,taylor swift - don&#39;t blame me (sped up &amp; reverb),
5618,taylor swift - don&#39;t blame me (sped up),
5619,Taylor Swift - Don‚Äôt Blame Me (Lyrics),
5622,Enchanted ‚Äî Taylor Swift (Sub. Espa√±ol),
5628,Wildest Dreams - Taylor Swift (tradu√ß√£o),
5632,Wildest Dreams - Taylor Swift // Espa√±ol [ Klaroline ],
5633,The Way I Loved You (Taylor&#39;s Version) - Taylor Swift [Belly &amp; Conrad],
5639,If This Was A Movie - Taylor Swift (lyrics),
5641,Taylor Swift - Blank Space | Lirik Terjemahan,
5644,Taylor Swift - Sparks Fly(Lyrics),
5650,You Belong With Me - Taylor Swift (Lyrics),
5651,[mmsub]Taylor Swift - Love story (Taylor&#39;s Version) | Myanmar Subtitles/Lyrics,
5655,don‚Äôt blame me - taylor swift (sped up),
5661,Taylor Swift - Don&#39;t Blame Me (Lyrics),
5662,ARE YOU A TAYLOR SWIFT FANü•≥‚ÄºÔ∏è (song test p.3),
5668,Taylor Swift - The Way I Loved You (Taylor‚Äôs Version) (Letra en Espa√±ol) (Hessa),
5698,The Very Best Of Taylor Swift | Non-Stop Playlist,
5727,Taylor Swift - Look What You Made Me Do (Lyrics),
5739,Taylor Swift &amp; Wiz Khalifa - See You Again (Live on The 1989 World Tour),
5740,Taylor Swift - Come Back‚Ä¶ Be Here (Lyrics),
5756,Taylor Swift - Style | Lirik Terjemahan,
5757,Enchanted - Taylor Swift [Lyrics],
5760,Taylor Swift - Wildest dreams (Lyrics),
5762,Happiest VS Saddest Song From Each Taylor Swift Album || taylorslover13,
5765,Taylor Swift - White Horse (Lyrics),
5767,CRINGE Is An Inevitable Part Of Life - Taylor Swift,
5772,THE WAY I LOVED YOU - Taylor Swift (Taylor&#39;s Version) (Lyrics),
5782,"Mood booster | Jessie J, Miley Cyrus, Taylor Swift (Mix)",
5783,Taylor Swift (Karan K Megamix) (2019),
5791,Taylor Swift - Getaway Car (Lyrics),
5795,Taylor Swift - The Way I Loved You (Taylor&#39;s Version) (Lyrics),
5796,Taylor Swift - The Way I Loved You (Taylor&#39;s Version) (Lyrics),
5808,The Man - Taylor Swift #shorts,
5811,TAYLOR SWIFT PLAYLIST Íí∞‚ëÖ·µï‡ºö·µïÍí±,
5817,Taylor Swift - This Love (Taylor&#39;s Version) (from &quot;The Summer I Turned Pretty&quot;) || Espa√±ol + Lyrics,
5820,Taylor Swift - Blank Space (lyrics),
5830,Style ‚Ä¢ Taylor Swift ‚Ä¢ lyrics,
5834,Happiest VS Saddest Song From Each Taylor Swift Album || taylorslover13,
5847,[Vietsub] Love Story - Taylor Swift,
5850,Speak Now - Taylor Swift (Lyrics Video),
5862,Taylor Swift - Love Story ( Lyrics ),
5863,Reacting to NEW Taylor Swift...,
5865,taylor swift - don&#39;t blame me (sped up &amp; reverb),
5873,taylor swift - don&#39;t blame me (sped up),
5874,Taylor Swift - Don‚Äôt Blame Me (Lyrics),
5877,Enchanted ‚Äî Taylor Swift (Sub. Espa√±ol),
5883,Wildest Dreams - Taylor Swift (tradu√ß√£o),
5887,Wildest Dreams - Taylor Swift // Espa√±ol [ Klaroline ],
5888,Wildest Dreams - Taylor Swift // Espa√±ol [ Klaroline ],
5889,The Way I Loved You (Taylor&#39;s Version) - Taylor Swift [Belly &amp; Conrad],
5895,If This Was A Movie - Taylor Swift (lyrics),
5897,Taylor Swift - Blank Space | Lirik Terjemahan,
5900,Taylor Swift - Sparks Fly(Lyrics),
5906,You Belong With Me - Taylor Swift (Lyrics),
5907,[mmsub]Taylor Swift - Love story (Taylor&#39;s Version) | Myanmar Subtitles/Lyrics,
5911,don‚Äôt blame me - taylor swift (sped up),
5916,Taylor Swift - Don&#39;t Blame Me (Lyrics),
5917,ARE YOU A TAYLOR SWIFT FANü•≥‚ÄºÔ∏è (song test p.3),
5923,Taylor Swift - The Way I Loved You (Taylor‚Äôs Version) (Letra en Espa√±ol) (Hessa),
5933,Indian History üî• ‡¶≠‡¶æ‡ß∞‡¶§‡ß∞ ‡¶¨‡ßÅ‡ß∞‡¶û‡ßç‡¶ú‡ßÄüî• Marathon Classüî• Complete Indian Historyüî•,
5934,Indian History üî• ‡¶≠‡¶æ‡ß∞‡¶§‡ß∞ ‡¶¨‡ßÅ‡ß∞‡¶û‡ßç‡¶ú‡ßÄüî• Marathon Classüî• Complete Indian Historyüî•,
5941,‡§∏‡§Æ‡•ç‡§™‡•Ç‡§∞‡•ç‡§£ ‡§Æ‡§ß‡•ç‡§Ø‡§ï‡§æ‡§≤‡•Ä‡§® ‡§≠‡§æ‡§∞‡§§ - COMPLETE MEDIEVAL HISTORY FOR ALL GOVERNMENT EXAMS #IndianHistory,
5947,‡∞Ü‡∞ß‡±Å‡∞®‡∞ø‡∞ï ‡∞≠‡∞æ‡∞∞‡∞§‡∞¶‡±á‡∞∂ ‡∞ö‡∞∞‡∞ø‡∞§‡±ç‡∞∞ Online Class (Modern History) | Part-1 |  Group-2 | Shine India Academy App,
5964,"History of Congress, Subhash Chandra Bose | UPSC, PCS, SSC, RLY | Khan Sir",
6003,‡∞Ü‡∞ß‡±Å‡∞®‡∞ø‡∞ï ‡∞≠‡∞æ‡∞∞‡∞§‡∞¶‡±á‡∞∂ ‡∞ö‡∞∞‡∞ø‡∞§‡±ç‡∞∞ Online Class (Modern History) | Part-2 |  Group-2 | Shine India Academy App,
6014,Lec 1 - Indian History || Ancient History &amp; Indus Valley Civilization || Special Recruitment and SSC,
6017,"‡∞∏‡∞ø‡∞Ç‡∞ß‡±Å ‡∞®‡∞æ‡∞ó‡∞∞‡∞ø‡∞ï‡∞§ ‡∞≠‡∞æ‡∞∞‡∞§‡∞¶‡±á‡∞∂ ‡∞ö‡∞∞‡∞ø‡∞§‡±ç‡∞∞ - Indian History Model Paper 59 for RRB, SI &amp; POLICE Constable",
6044,COMPLETE MODERN HISTORY FOR ALL EXAMS WITH QUESTION DISCUSSION,
6059,‡§Ü‡§ß‡•Å‡§®‡§ø‡§ï ‡§≠‡§æ‡§∞‡§§ ‡§ï‡§æ ‡§á‡§§‡§ø‡§π‡§æ‡§∏ ‡§ï‡•Ä ‡§Æ‡•à‡§∞‡§æ‡§•‡§® ‡§ï‡•ç‡§≤‡§æ‡§∏ - Rajveer Sir Springboard jaipur ||‡§≠‡§æ‡§∞‡§§‡•Ä‡§Ø ‡§ï‡•ç‡§∞‡§æ‡§Ç‡§§‡§ø‡§ï‡§æ‡§∞‡•Ä ‡§î‡§∞ ‡§∏‡§Ç‡§ó‡§†‡§®,
6067,VEDIC PERIOD (ANCIENT HISTORY) LEC-05 INDIAN HISTORY &amp; FREEDOM STRUGGLE | JKPSI 2021,
6095,"Complete Indian History as a story  Modern history for UPSC, SSC, Railway in Hindi in English",
6098,History of india in countryballs(by bharathball animations),
6135,Indian history Class by Nagaraju Sir,
6176,The Ugly Truth About Gandhi,
6182,#sikh women#sikh history#shorts#status #khalsa #indian history,
